d0,d1,d2,d3,d4,d5,d6,d7,d8,d9,d10,d11,d12,d13,d14,d15,d16,d17,d18,d19,d20,d21,d22,d23,d24,d25,d26,d27,d28,d29,d30,d31,d32,d33,d34,d35,d36,d37,d38,d39,d40,d41,d42,d43,d44,d45,d46,d47,d48,d49,d50,d51,d52,d53,d54,d55,d56,d57,d58,d59,d60,d61,d62,d63,d64,d65,d66,d67,d68,d69,d70,d71,d72,d73,d74,d75,d76,d77,d78,d79,d80,d81,d82,d83,d84,d85,d86,d87,d88,d89,d90,d91,d92,d93,d94,d95,d96,d97,d98,d99,label
-0.455624,-0.183860,-0.195442,-0.265983,0.159813,0.370863,-0.163612,0.168510,0.258029,0.085689,0.374141,-0.325117,0.012520,0.450205,0.385775,0.120813,0.338942,-0.143621,-0.161536,-0.133219,0.434419,-0.188593,0.168900,0.008652,0.264688,-0.202243,0.346838,0.262103,-0.249445,-0.209987,0.033186,0.246784,0.186693,0.260660,0.080223,-0.120223,-0.285175,-0.016690,-0.151624,0.299664,0.187303,-0.130307,0.098975,0.176535,0.096057,0.299603,-0.099234,0.206057,0.057422,0.074623,0.105626,0.142516,0.034834,-0.315435,0.026622,0.275330,0.025063,0.112542,0.417788,-0.297919,0.096160,-0.056936,-0.108544,0.083811,0.174110,-0.179043,-0.101885,0.159981,-0.087236,0.000872,-0.271565,0.099515,0.244183,0.166700,-0.015295,-0.070196,-0.193084,-0.131791,0.140624,-0.154117,-0.064615,-0.554944,0.189143,-0.135159,-0.198869,0.290015,0.174937,0.370591,-0.332623,0.241021,-0.357388,-0.266167,-0.017415,0.138479,-0.002154,0.593076,-0.069595,0.155134,-0.025003,0.040010,politics
-0.412221,-0.150026,-0.185610,-0.216552,0.198006,0.205932,0.001305,0.321527,0.229441,0.104498,0.217676,-0.101123,0.123794,0.457182,0.400838,0.056225,0.212689,-0.157934,-0.279799,-0.214164,0.229727,-0.259801,0.082677,-0.066226,0.086345,-0.201243,0.370828,0.216538,-0.342083,-0.186749,-0.022073,0.202707,0.101712,0.224772,0.170281,0.073727,-0.270281,-0.005975,-0.379844,0.399428,0.210804,0.022148,0.078121,0.177176,0.278499,0.197118,-0.179895,0.284042,0.031081,0.087849,0.248603,0.163046,0.024335,-0.353100,-0.219455,0.130457,0.030855,0.153932,0.340212,-0.357608,-0.019941,-0.050403,0.160998,0.208434,0.148134,-0.178323,-0.367386,-0.109882,0.104884,0.053464,-0.194853,0.007806,0.255977,0.364329,-0.033331,0.057044,0.015080,-0.048048,0.219430,-0.147048,0.054983,-0.468377,0.049743,-0.174648,-0.264483,0.352060,0.104044,0.320579,-0.217181,0.041940,-0.387623,-0.165674,-0.102369,0.093803,-0.057986,0.442824,-0.002855,-0.064306,-0.124692,-0.089845,politics
-0.314828,0.050090,-0.232897,-0.316504,0.009538,0.142263,0.014202,0.199097,0.227507,0.287583,0.340014,-0.096327,-0.182951,0.154210,0.456147,-0.016569,0.240717,0.080444,-0.207887,-0.032627,0.285994,-0.494908,0.069692,-0.138049,0.236461,-0.185321,0.166615,0.398874,-0.382319,-0.185035,0.255300,0.252535,0.042016,0.188086,-0.005721,-0.101069,-0.238694,0.104049,-0.363045,0.432259,0.240223,-0.191894,0.056420,-0.030337,0.053820,0.221326,-0.038336,0.161939,-0.257770,-0.008067,0.192278,0.368983,0.129141,-0.181929,0.063991,0.088509,0.014011,0.088602,0.211500,-0.301149,-0.077798,-0.160651,-0.024143,0.320258,0.301620,0.013837,-0.075809,0.098781,-0.047316,-0.075652,0.034261,0.110781,0.440488,0.131668,-0.155417,0.046416,0.083719,0.087934,-0.090863,-0.327431,0.000357,-0.504994,0.030526,-0.014103,-0.106945,0.149079,0.250338,0.376141,-0.026272,0.214437,-0.234851,-0.029654,-0.160097,0.206327,-0.081488,0.324572,-0.321247,0.077821,-0.176430,0.096114,politics
-0.440749,-0.035523,-0.085541,-0.279170,0.145752,0.160743,-0.214015,0.224464,0.227702,0.080853,0.257139,-0.141880,0.010134,0.554108,0.326664,0.017143,0.136615,-0.006474,-0.251809,-0.234850,0.321643,-0.139878,0.114125,0.049978,0.331926,-0.203577,0.316549,0.192481,-0.319232,-0.271606,0.030459,0.199945,0.151313,0.106864,0.017678,-0.091314,-0.195322,-0.015428,-0.388072,0.259690,0.225810,-0.169413,0.132209,0.175470,0.074586,0.323656,-0.017001,0.164223,0.153474,0.059914,-0.008489,0.095762,0.106942,-0.308538,-0.052966,0.208733,-0.140081,0.196270,0.180855,-0.273897,0.089525,-0.152809,-0.093082,0.170411,0.232973,-0.047926,-0.172203,0.040628,-0.164954,0.051924,-0.111603,0.005418,0.252563,0.247362,-0.091231,0.033770,-0.106158,-0.108897,0.134277,-0.140644,0.054127,-0.441655,0.284705,-0.175469,-0.284388,0.345195,0.135702,0.365234,-0.210675,0.009100,-0.403282,-0.217588,-0.082570,0.255946,-0.043003,0.464819,-0.058519,0.048173,-0.119067,-0.017575,sports
-0.455624,-0.183860,-0.195442,-0.265983,0.159813,0.370863,-0.163612,0.168510,0.258029,0.085689,0.374141,-0.325117,0.012520,0.450205,0.385775,0.120813,0.338942,-0.143621,-0.161536,-0.133219,0.434419,-0.188593,0.168900,0.008652,0.264688,-0.202243,0.346838,0.262103,-0.249445,-0.209987,0.033186,0.246784,0.186693,0.260660,0.080223,-0.120223,-0.285175,-0.016690,-0.151624,0.299664,0.187303,-0.130307,0.098975,0.176535,0.096057,0.299603,-0.099234,0.206057,0.057422,0.074623,0.105626,0.142516,0.034834,-0.315435,0.026622,0.275330,0.025063,0.112542,0.417788,-0.297919,0.096160,-0.056936,-0.108544,0.083811,0.174110,-0.179043,-0.101885,0.159981,-0.087236,0.000872,-0.271565,0.099515,0.244183,0.166700,-0.015295,-0.070196,-0.193084,-0.131791,0.140624,-0.154117,-0.064615,-0.554944,0.189143,-0.135159,-0.198869,0.290015,0.174937,0.370591,-0.332623,0.241021,-0.357388,-0.266167,-0.017415,0.138479,-0.002154,0.593076,-0.069595,0.155134,-0.025003,0.040010,sports
-0.264603,0.138540,-0.199110,-0.262764,0.051478,0.230879,0.053603,0.238026,0.269313,0.134513,0.318509,-0.228858,-0.074716,0.235692,0.436993,-0.025140,0.246494,-0.040205,-0.212671,-0.092759,0.170945,-0.397396,0.146196,-0.197212,0.213913,-0.228859,0.170636,0.233125,-0.253056,-0.227374,0.194595,0.218868,-0.064326,0.141429,-0.063660,-0.008029,-0.233394,0.121835,-0.317676,0.441602,0.256097,-0.125261,-0.012475,-0.012155,0.103829,0.215249,-0.065940,0.164757,-0.227482,0.035156,0.127599,0.226922,0.076401,-0.191637,0.051616,0.100468,0.097462,0.069552,0.308392,-0.256014,-0.131155,-0.221023,0.127356,0.230863,0.219496,0.026554,-0.057861,0.063853,-0.022481,-0.102316,-0.120190,0.057627,0.290200,0.217674,-0.174293,0.025667,-0.062802,-0.070157,0.030781,-0.266868,0.073190,-0.541746,0.056268,-0.067906,-0.160817,0.053108,0.106059,0.269830,-0.081473,0.192533,-0.163031,0.053618,-0.037143,0.142874,0.001845,0.310638,-0.389002,0.203906,-0.146115,0.055051,sports
-0.334695,-0.137057,-0.185935,-0.148953,0.232519,0.468001,0.199787,0.339652,0.256183,-0.095823,0.352170,-0.281218,0.014205,0.377815,0.309962,0.018021,0.142058,-0.228838,-0.130876,-0.127514,0.161363,-0.305688,0.066993,0.042559,0.042051,-0.244682,0.253947,0.283903,-0.232864,-0.161905,-0.083652,0.225133,0.017642,0.236688,0.268124,0.067410,-0.252969,0.030131,-0.103422,0.370741,0.151682,0.069419,0.109906,0.197115,0.245666,0.136458,-0.213938,0.335386,-0.043163,0.159944,0.180471,0.075243,-0.158342,-0.268388,-0.122936,-0.001598,0.168510,0.052984,0.338412,-0.329406,-0.194334,-0.096581,0.211861,0.214238,0.034058,-0.225834,-0.250448,-0.152851,0.031324,-0.139696,-0.266706,0.017958,0.112135,0.348822,0.040651,-0.011263,-0.105886,-0.055360,0.157599,-0.093557,-0.074758,-0.435143,0.066820,-0.291509,-0.222299,0.271218,0.107889,0.273184,-0.371914,0.019741,-0.260278,-0.054163,-0.096019,0.085139,0.036987,0.404100,-0.043669,0.129197,-0.139706,-0.128235,tech
-0.378197,0.008225,-0.039874,-0.160097,-0.019570,0.194940,-0.159238,0.345765,0.203318,0.163521,0.271154,-0.135626,-0.131041,0.549940,0.339214,0.011718,0.197710,0.188401,-0.322948,-0.109016,0.213620,-0.259286,0.015923,-0.049811,0.376890,-0.140991,0.157880,0.432172,-0.407432,-0.300867,0.112340,0.360088,0.264245,0.087815,-0.084322,-0.041996,-0.207435,0.055115,-0.506540,0.419350,0.273439,-0.202593,0.114607,0.062260,0.127766,0.228132,0.214977,0.018602,0.021994,0.067428,0.098620,0.339399,0.168692,-0.338470,-0.081312,0.195848,-0.213814,0.253670,0.164257,-0.253074,0.129235,-0.131456,0.053998,0.375924,0.207653,-0.084943,-0.258479,-0.149905,-0.223608,-0.134144,0.129772,0.192609,0.136117,0.207029,-0.021385,0.052085,-0.108847,0.041723,-0.117099,-0.095124,-0.048047,-0.377807,0.306562,-0.132284,-0.094964,0.159331,0.114179,0.344368,-0.086610,-0.010698,-0.248090,-0.235106,-0.222174,0.322764,-0.040911,0.504581,-0.287268,-0.071041,-0.146707,0.010783,tech
-0.276408,0.200863,-0.198598,-0.123152,0.066307,0.354099,0.083997,0.398364,0.221527,0.006672,0.371701,-0.233573,-0.049437,0.333080,0.311570,-0.060029,0.312339,-0.014558,-0.250281,-0.025735,0.066466,-0.292857,0.020772,-0.227409,0.140727,-0.159842,0.096526,0.263017,-0.177246,-0.262502,0.103196,0.289274,-0.052884,0.135384,-0.034128,0.108479,-0.185153,0.140879,-0.369660,0.419196,0.261329,0.026651,-0.049323,0.010724,0.211730,0.099329,-0.076969,0.218024,-0.164600,0.065357,0.119177,0.263662,-0.098452,-0.217922,-0.107002,0.125802,0.068261,0.104762,0.395168,-0.308737,-0.126310,-0.194470,0.308513,0.208180,0.111166,-0.086558,-0.072755,-0.080654,0.008361,-0.232551,-0.158055,0.056480,0.083999,0.225355,-0.027319,0.021079,-0.203635,-0.138261,0.062072,-0.128989,0.039043,-0.539351,0.137048,-0.210922,-0.129352,0.027208,-0.036645,0.142154,-0.101438,0.137581,-0.076579,0.004279,0.014351,0.120111,0.111792,0.319347,-0.359585,0.099214,-0.039118,0.030324,tech
