d0,d1,d2,d3,d4,d5,label
0.107870,0.008141,0.000000,0.011995,0.471206,0.000000,politics
0.000000,0.046472,0.482681,0.068471,0.442886,0.000000,politics
0.000000,0.297362,0.000000,0.000000,0.000000,0.000000,politics
0.000000,0.000000,0.000000,0.182180,0.774599,0.000000,sports
0.107870,0.008141,0.000000,0.011995,0.471206,0.000000,sports
0.000000,0.197666,0.000000,0.000000,0.370919,0.600406,sports
0.043790,0.000000,0.427555,0.000000,0.000000,0.504830,tech
0.000866,0.002139,0.000000,0.469974,0.000000,0.002541,tech
0.014771,0.036472,0.000000,0.053740,0.000000,1.001567,tech
